{"cameraMode":{"drawMode":0,"name":"Shaded","section":"Shading Mode"},"sceneLighting":true,"audioPlay":false,"sceneViewState":{"m_AlwaysRefresh":false,"showFog":true,"showSkybox":true,"showFlares":true,"showImageEffects":true,"showParticleSystems":true,"showVisualEffectGraphs":true,"m_FxEnabled":true},"in2DMode":false,"pivot":{"x":-5.926126956939697,"y":2.9371111392974855,"z":-1.6125726699829102},"rotation":{"x":-0.033267345279455188,"y":-0.047361183911561969,"z":0.0015763652045279742,"w":-0.9983426332473755},"size":4.72205114364624,"orthographic":false}