{"cameraMode":{"drawMode":0,"name":"Shaded","section":"Shading Mode"},"sceneLighting":true,"audioPlay":false,"sceneViewState":{"m_AlwaysRefresh":false,"showFog":true,"showSkybox":true,"showFlares":true,"showImageEffects":true,"showParticleSystems":true,"showVisualEffectGraphs":true,"m_FxEnabled":true},"in2DMode":false,"pivot":{"x":-6.563574314117432,"y":2.6460886001586916,"z":-2.2357521057128908},"rotation":{"x":0.20089934766292573,"y":-0.07046777755022049,"z":0.014490530826151371,"w":0.9769635200500488},"size":5.491515636444092,"orthographic":false}