{"cameraMode":{"drawMode":0,"name":"Shaded","section":"Shading Mode"},"sceneLighting":true,"audioPlay":false,"sceneViewState":{"m_AlwaysRefresh":false,"showFog":true,"showSkybox":true,"showFlares":true,"showImageEffects":true,"showParticleSystems":true,"showVisualEffectGraphs":true,"m_FxEnabled":true},"in2DMode":false,"pivot":{"x":-17.636608123779298,"y":0.6432287693023682,"z":2.6997272968292238},"rotation":{"x":-0.018832435831427575,"y":0.632179856300354,"z":-0.015369278378784657,"w":-0.7744544744491577},"size":7.134354114532471,"orthographic":false}