{"cameraMode":{"drawMode":0,"name":"Shaded","section":"Shading Mode"},"sceneLighting":true,"audioPlay":false,"sceneViewState":{"m_AlwaysRefresh":false,"showFog":true,"showSkybox":true,"showFlares":true,"showImageEffects":true,"showParticleSystems":true,"showVisualEffectGraphs":true,"m_FxEnabled":true},"in2DMode":false,"pivot":{"x":-7.677265167236328,"y":2.8598923683166506,"z":13.631064414978028},"rotation":{"x":-0.01818937063217163,"y":0.11432714015245438,"z":-0.0020915954373776914,"w":-0.9932857751846314},"size":17.20602035522461,"orthographic":false}