{"cameraMode":{"drawMode":0,"name":"Shaded","section":"Shading Mode"},"sceneLighting":false,"audioPlay":false,"sceneViewState":{"m_AlwaysRefresh":false,"showFog":true,"showSkybox":true,"showFlares":true,"showImageEffects":true,"showParticleSystems":true,"showVisualEffectGraphs":true,"m_FxEnabled":true},"in2DMode":false,"pivot":{"x":-16.887231826782228,"y":-2.169238567352295,"z":31.152023315429689},"rotation":{"x":-0.09315115958452225,"y":0.022993743419647218,"z":-0.0021510489750653507,"w":-0.9953973889350891},"size":24.10466957092285,"orthographic":false}